角度(2θ),强度
10,80
10.02,58
10.04,86
10.06,88
10.08,86
10.1,80
10.12,92
10.14,80
10.16,84
10.18,80
10.2,80
10.22,80
10.24,70
10.26,78
10.28,88
10.3,68
10.32,84
10.34,76
10.36,54
10.38,70
10.4,80
10.42,52
10.44,78
10.46,70
10.48,74
10.5,70
10.52,70
10.54,54
10.56,76
10.58,68
10.6,72
10.62,56
10.64,74
10.66,60
10.68,74
10.7,86
10.72,74
10.74,74
10.76,56
10.78,58
10.8,60
10.82,74
10.84,52
10.86,64
10.88,58
10.9,62
10.92,74
10.94,70
10.96,64
10.98,72
11,52
11.02,54
11.04,52
11.06,50
11.08,62
11.1,58
11.12,60
11.14,58
11.16,74
11.18,74
11.2,52
11.22,58
11.24,52
11.26,52
11.28,40
11.3,54
11.32,52
11.34,44
11.36,42
11.38,50
11.4,58
11.42,36
11.44,36
11.46,46
11.48,52
11.5,36
11.52,42
11.54,40
11.56,40
11.58,46
11.6,40
11.62,48
11.64,42
11.66,38
11.68,44
11.7,36
11.72,38
11.74,38
11.76,48
11.78,32
11.8,46
11.82,46
11.84,34
11.86,50
11.88,34
11.9,28
11.92,28
11.94,42
11.96,22
11.98,46
12,44
12.02,52
12.04,36
12.06,42
12.08,34
12.1,34
12.12,42
12.14,38
12.16,30
12.18,28
12.2,34
12.22,30
12.24,26
12.26,22
12.28,34
12.3,26
12.32,34
12.34,44
12.36,36
12.38,44
12.4,36
12.42,34
12.44,26
12.46,36
12.48,32
12.5,30
12.52,40
12.54,38
12.56,32
12.58,42
12.6,22
12.62,32
12.64,34
12.66,30
12.68,32
12.7,32
12.72,38
12.74,32
12.76,34
12.78,36
12.8,34
12.82,30
12.84,28
12.86,36
12.88,34
12.9,30
12.92,36
12.94,34
12.96,38
12.98,28
13,26
13.02,28
13.04,28
13.06,22
13.08,40
13.1,34
13.12,18
13.14,34
13.16,28
13.18,34
13.2,20
13.22,28
13.24,26
13.26,48
13.28,28
13.3,32
13.32,34
13.34,38
13.36,36
13.38,22
13.4,30
13.42,30
13.44,24
13.46,34
13.48,22
13.5,30
13.52,16
13.54,30
13.56,28
13.58,26
13.6,28
13.62,28
13.64,18
13.66,32
13.68,28
13.7,36
13.72,36
13.74,26
13.76,32
13.78,24
13.8,30
13.82,14
13.84,30
13.86,28
13.88,30
13.9,32
13.92,32
13.94,22
13.96,32
13.98,36
14,28
14.02,24
14.04,30
14.06,26
14.08,38
14.1,20
14.12,24
14.14,32
14.16,34
14.18,22
14.2,34
14.22,30
14.24,20
14.26,28
14.28,28
14.3,22
14.32,24
14.34,24
14.36,32
14.38,28
14.4,20
14.42,24
14.44,28
14.46,32
14.48,20
14.5,34
14.52,28
14.54,26
14.56,36
14.58,26
14.6,22
14.62,24
14.64,18
14.66,24
14.68,24
14.7,26
14.72,24
14.74,16
14.76,28
14.78,22
14.8,22
14.82,28
14.84,24
14.86,24
14.88,18
14.9,28
14.92,18
14.94,28
14.96,20
14.98,22
15,22
15.02,20
15.04,32
15.06,28
15.08,28
15.1,20
15.12,30
15.14,26
15.16,16
15.18,30
15.2,22
15.22,22
15.24,28
15.26,30
15.28,22
15.3,30
15.32,16
15.34,26
15.36,24
15.38,16
15.4,24
15.42,24
15.44,32
15.46,22
15.48,22
15.5,28
15.52,20
15.54,24
15.56,28
15.58,18
15.6,20
15.62,28
15.64,30
15.66,22
15.68,20
15.7,28
15.72,24
15.74,30
15.76,26
15.78,20
15.8,30
15.82,20
15.84,26
15.86,18
15.88,32
15.9,22
15.92,18
15.94,16
15.96,22
15.98,28
16,30
16.02,28
16.04,18
16.06,26
16.08,26
16.1,22
16.12,16
16.14,20
16.16,26
16.18,30
16.2,28
16.22,18
16.24,20
16.26,20
16.28,20
16.3,26
16.32,22
16.34,30
16.36,32
16.38,24
16.4,30
16.42,28
16.44,22
16.46,32
16.48,22
16.5,30
16.52,22
16.54,36
16.56,34
16.58,26
16.6,26
16.62,24
16.64,22
16.66,18
16.68,28
16.7,20
16.72,30
16.74,26
16.76,32
16.78,18
16.8,36
16.82,28
16.84,26
16.86,16
16.88,18
16.9,22
16.92,18
16.94,30
16.96,24
16.98,18
17,20
17.02,30
17.04,14
17.06,12
17.08,32
17.1,12
17.12,20
17.14,26
17.16,26
17.18,14
17.2,24
17.22,24
17.24,14
17.26,24
17.28,12
17.3,18
17.32,22
17.34,18
17.36,22
17.38,22
17.4,20
17.42,28
17.44,20
17.46,18
17.48,14
17.5,36
17.52,30
17.54,26
17.56,30
17.58,18
17.6,22
17.62,28
17.64,18
17.66,16
17.68,20
17.7,20
17.72,26
17.74,18
17.76,20
17.78,16
17.8,20
17.82,16
17.84,22
17.86,20
17.88,18
17.9,8
17.92,22
17.94,18
17.96,14
17.98,24
18,24
18.02,14
18.04,26
18.06,14
18.08,20
18.1,12
18.12,18
18.14,20
18.16,22
18.18,18
18.2,30
18.22,24
18.24,18
18.26,28
18.28,18
18.3,18
18.32,16
18.34,24
18.36,24
18.38,16
18.4,22
18.42,18
18.44,8
18.46,24
18.48,22
18.5,24
18.52,20
18.54,16
18.56,16
18.58,20
18.6,22
18.62,32
18.64,16
18.66,18
18.68,16
18.7,12
18.72,22
18.74,20
18.76,20
18.78,16
18.8,28
18.82,24
18.84,20
18.86,22
18.88,20
18.9,18
18.92,24
18.94,26
18.96,22
18.98,18
19,22
19.02,18
19.04,22
19.06,14
19.08,24
19.1,24
19.12,20
19.14,18
19.16,26
19.18,20
19.2,18
19.22,16
19.24,28
19.26,20
19.28,22
19.3,14
19.32,18
19.34,18
19.36,24
19.38,22
19.4,22
19.42,24
19.44,16
19.46,16
19.48,28
19.5,22
19.52,16
19.54,18
19.56,16
19.58,18
19.6,14
19.62,18
19.64,24
19.66,24
19.68,22
19.7,26
19.72,22
19.74,26
19.76,22
19.78,22
19.8,22
19.82,16
19.84,24
19.86,28
19.88,18
19.9,16
19.92,22
19.94,16
19.96,22
19.98,24
20,18
20.02,12
20.04,10
20.06,26
20.08,10
20.1,14
20.12,16
20.14,20
20.16,18
20.18,12
20.2,28
20.22,22
20.24,10
20.26,16
20.28,20
20.3,20
20.32,18
20.34,18
20.36,20
20.38,24
20.4,28
20.42,18
20.44,20
20.46,16
20.48,12
20.5,24
20.52,16
20.54,18
20.56,14
20.58,14
20.6,10
20.62,22
20.64,20
20.66,10
20.68,24
20.7,20
20.72,16
20.74,14
20.76,20
20.78,10
20.8,26
20.82,14
20.84,16
20.86,14
20.88,12
20.9,30
20.92,16
20.94,16
20.96,16
20.98,18
21,16
21.02,20
21.04,14
21.06,22
21.08,22
21.1,20
21.12,16
21.14,20
21.16,18
21.18,10
21.2,16
21.22,14
21.24,16
21.26,20
21.28,20
21.3,20
21.32,30
21.34,12
21.36,24
21.38,28
21.4,26
21.42,24
21.44,18
21.46,22
21.48,10
21.5,20
21.52,20
21.54,28
21.56,18
21.58,22
21.6,16
21.62,26
21.64,24
21.66,14
21.68,22
21.7,22
21.72,18
21.74,26
21.76,18
21.78,20
21.8,24
21.82,22
21.84,20
21.86,22
21.88,24
21.9,28
21.92,18
21.94,22
21.96,20
21.98,22
22,20
22.02,22
22.04,16
22.06,20
22.08,20
22.1,18
22.12,18
22.14,16
22.16,18
22.18,18
22.2,16
22.22,24
22.24,26
22.26,16
22.28,16
22.3,18
22.32,18
22.34,14
22.36,20
22.38,20
22.4,30
22.42,22
22.44,24
22.46,16
22.48,28
22.5,16
22.52,22
22.54,16
22.56,22
22.58,22
22.6,18
22.62,32
22.64,14
22.66,22
22.68,28
22.7,12
22.72,26
22.74,20
22.76,20
22.78,24
22.8,26
22.82,18
22.84,22
22.86,20
22.88,32
22.9,28
22.92,24
22.94,20
22.96,28
22.98,28
23,22
23.02,24
23.04,26
23.06,22
23.08,22
23.1,26
23.12,30
23.14,20
23.16,26
23.18,30
23.2,12
23.22,20
23.24,28
23.26,20
23.28,28
23.3,24
23.32,20
23.34,16
23.36,22
23.38,26
23.4,20
23.42,20
23.44,22
23.46,18
23.48,18
23.5,30
23.52,14
23.54,22
23.56,26
23.58,24
23.6,24
23.62,22
23.64,22
23.66,16
23.68,14
23.7,28
23.72,22
23.74,18
23.76,28
23.78,24
23.8,24
23.82,22
23.84,18
23.86,14
23.88,22
23.9,12
23.92,22
23.94,18
23.96,18
23.98,14
24,20
24.02,10
24.04,10
24.06,22
24.08,18
24.1,22
24.12,16
24.14,24
24.16,22
24.18,22
24.2,18
24.22,16
24.24,18
24.26,22
24.28,28
24.3,18
24.32,22
24.34,18
24.36,14
24.38,20
24.4,20
24.42,22
24.44,20
24.46,18
24.48,18
24.5,14
24.52,20
24.54,20
24.56,18
24.58,20
24.6,18
24.62,28
24.64,22
24.66,14
24.68,14
24.7,20
24.72,22
24.74,18
24.76,20
24.78,18
24.8,18
24.82,20
24.84,22
24.86,14
24.88,28
24.9,22
24.92,12
24.94,10
24.96,22
24.98,28
25,22
25.02,28
25.04,16
25.06,24
25.08,22
25.1,22
25.12,28
25.14,30
25.16,22
25.18,30
25.2,24
25.22,22
25.24,28
25.26,22
25.28,18
25.3,24
25.32,22
25.34,22
25.36,20
25.38,32
25.4,40
25.42,40
25.44,40
25.46,42
25.48,34
25.5,34
25.52,42
25.54,48
25.56,42
25.58,48
25.6,50
25.62,64
25.64,58
25.66,64
25.68,50
25.7,52
25.72,64
25.74,60
25.76,64
25.78,82
25.8,76
25.82,62
25.84,86
25.86,68
25.88,72
25.9,76
25.92,72
25.94,72
25.96,66
25.98,64
26,58
26.02,72
26.04,58
26.06,44
26.08,58
26.1,42
26.12,50
26.14,44
26.16,42
26.18,32
26.2,40
26.22,40
26.24,42
26.26,40
26.28,36
26.3,30
26.32,30
26.34,34
26.36,26
26.38,28
26.4,36
26.42,24
26.44,26
26.46,22
26.48,30
26.5,30
26.52,20
26.54,24
26.56,24
26.58,26
26.6,20
26.62,26
26.64,26
26.66,18
26.68,32
26.7,24
26.72,22
26.74,24
26.76,20
26.78,18
26.8,26
26.82,22
26.84,22
26.86,16
26.88,22
26.9,28
26.92,26
26.94,26
26.96,22
26.98,16
27,24
27.02,22
27.04,16
27.06,30
27.08,18
27.1,24
27.12,28
27.14,22
27.16,26
27.18,16
27.2,26
27.22,22
27.24,28
27.26,18
27.28,14
27.3,30
27.32,18
27.34,24
27.36,32
27.38,24
27.4,30
27.42,20
27.44,24
27.46,18
27.48,30
27.5,16
27.52,30
27.54,26
27.56,22
27.58,18
27.6,18
27.62,34
27.64,30
27.66,30
27.68,26
27.7,26
27.72,22
27.74,24
27.76,22
27.78,18
27.8,22
27.82,28
27.84,22
27.86,24
27.88,28
27.9,22
27.92,28
27.94,24
27.96,20
27.98,36
28,40
28.02,26
28.04,28
28.06,36
28.08,24
28.1,28
28.12,30
28.14,38
28.16,28
28.18,20
28.2,38
28.22,32
28.24,32
28.26,26
28.28,30
28.3,28
28.32,30
28.34,28
28.36,38
28.38,38
28.4,40
28.42,32
28.44,36
28.46,32
28.48,34
28.5,38
28.52,34
28.54,36
28.56,32
28.58,24
28.6,32
28.62,22
28.64,34
28.66,30
28.68,44
28.7,28
28.72,42
28.74,36
28.76,36
28.78,30
28.8,48
28.82,34
28.84,36
28.86,32
28.88,38
28.9,42
28.92,36
28.94,36
28.96,40
28.98,36
29,36
29.02,42
29.04,38
29.06,28
29.08,42
29.1,42
29.12,32
29.14,34
29.16,44
29.18,32
29.2,42
29.22,38
29.24,34
29.26,38
29.28,38
29.3,36
29.32,28
29.34,36
29.36,38
29.38,40
29.4,32
29.42,36
29.44,32
29.46,24
29.48,42
29.5,40
29.52,28
29.54,36
29.56,44
29.58,32
29.6,30
29.62,38
29.64,34
29.66,40
29.68,22
29.7,28
29.72,28
29.74,22
29.76,38
29.78,36
29.8,36
29.82,40
29.84,30
29.86,42
29.88,28
29.9,28
29.92,34
29.94,38
29.96,34
29.98,42
30,32
30.02,32
30.04,34
30.06,28
30.08,32
30.1,30
30.12,28
30.14,32
30.16,32
30.18,28
30.2,30
30.22,28
30.24,28
30.26,32
30.28,44
30.3,36
30.32,32
30.34,28
30.36,38
30.38,36
30.4,40
30.42,36
30.44,46
30.46,34
30.48,38
30.5,36
30.52,32
30.54,34
30.56,26
30.58,34
30.6,52
30.62,42
30.64,36
30.66,32
30.68,38
30.7,32
30.72,38
30.74,42
30.76,42
30.78,38
30.8,44
30.82,56
30.84,66
30.86,44
30.88,44
30.9,70
30.92,52
30.94,54
30.96,52
30.98,30
31,40
31.02,58
31.04,50
31.06,58
31.08,62
31.1,68
31.12,58
31.14,64
31.16,70
31.18,84
31.2,66
31.22,84
31.24,70
31.26,76
31.28,74
31.3,80
31.32,92
31.34,88
31.36,80
31.38,98
31.4,98
31.42,118
31.44,114
31.46,108
31.48,98
31.5,114
31.52,106
31.54,132
31.56,128
31.58,124
31.6,92
31.62,136
31.64,138
31.66,140
31.68,140
31.7,138
31.72,140
31.74,168
31.76,152
31.78,164
31.8,154
31.82,140
31.84,186
31.86,134
31.88,180
31.9,168
31.92,184
31.94,172
31.96,172
31.98,194
32,170
32.02,198
32.04,166
32.06,198
32.08,198
32.1,174
32.12,168
32.14,156
32.16,166
32.18,174
32.2,162
32.22,166
32.24,174
32.26,174
32.28,158
32.3,142
32.32,166
32.34,154
32.36,144
32.38,154
32.4,164
32.42,156
32.44,136
32.46,156
32.48,130
32.5,114
32.52,132
32.54,112
32.56,126
32.58,126
32.6,106
32.62,134
32.64,122
32.66,130
32.68,110
32.7,116
32.72,108
32.74,104
32.76,102
32.78,104
32.8,104
32.82,102
32.84,84
32.86,90
32.88,94
32.9,84
32.92,98
32.94,84
32.96,110
32.98,94
33,104
33.02,104
33.04,88
33.06,96
33.08,92
33.1,80
33.12,76
33.14,82
33.16,92
33.18,76
33.2,76
33.22,84
33.24,90
33.26,108
33.28,84
33.3,80
33.32,90
33.34,78
33.36,82
33.38,74
33.4,78
33.42,76
33.44,62
33.46,72
33.48,64
33.5,80
33.52,84
33.54,58
33.56,74
33.58,64
33.6,68
33.62,76
33.64,60
33.66,62
33.68,52
33.7,64
33.72,52
33.74,64
33.76,68
33.78,60
33.8,68
33.82,56
33.84,56
33.86,62
33.88,52
33.9,50
33.92,50
33.94,54
33.96,54
33.98,60
34,56
34.02,74
34.04,54
34.06,44
34.08,56
34.1,46
34.12,52
34.14,52
34.16,38
34.18,52
34.2,44
34.22,52
34.24,50
34.26,50
34.28,44
34.3,44
34.32,46
34.34,44
34.36,42
34.38,44
34.4,30
34.42,42
34.44,40
34.46,42
34.48,28
34.5,34
34.52,32
34.54,32
34.56,40
34.58,32
34.6,30
34.62,36
34.64,28
34.66,28
34.68,28
34.7,34
34.72,34
34.74,22
34.76,22
34.78,36
34.8,24
34.82,32
34.84,30
34.86,30
34.88,30
34.9,26
34.92,28
34.94,26
34.96,28
34.98,22
35,24
35.02,26
35.04,30
35.06,28
35.08,24
35.1,26
35.12,20
35.14,18
35.16,30
35.18,22
35.2,26
35.22,22
35.24,18
35.26,28
35.28,28
35.3,20
35.32,28
35.34,20
35.36,24
35.38,18
35.4,26
35.42,20
35.44,20
35.46,12
35.48,22
35.5,22
35.52,22
35.54,22
35.56,28
35.58,26
35.6,36
35.62,20
35.64,14
35.66,22
35.68,26
35.7,22
35.72,22
35.74,24
35.76,18
35.78,22
35.8,12
35.82,20
35.84,20
35.86,20
35.88,36
35.9,22
35.92,24
35.94,22
35.96,20
35.98,18
36,16
36.02,18
36.04,22
36.06,22
36.08,22
36.1,18
36.12,22
36.14,18
36.16,18
36.18,18
36.2,20
36.22,28
36.24,22
36.26,16
36.28,22
36.3,28
36.32,18
36.34,16
36.36,12
36.38,16
36.4,18
36.42,18
36.44,20
36.46,18
36.48,20
36.5,18
36.52,20
36.54,22
36.56,22
36.58,20
36.6,12
36.62,20
36.64,24
36.66,12
36.68,18
36.7,16
36.72,14
36.74,14
36.76,20
36.78,22
36.8,14
36.82,24
36.84,14
36.86,16
36.88,20
36.9,16
36.92,14
36.94,12
36.96,18
36.98,12
37,18
37.02,22
37.04,18
37.06,16
37.08,14
37.1,20
37.12,10
37.14,20
37.16,18
37.18,16
37.2,14
37.22,14
37.24,20
37.26,14
37.28,16
37.3,16
37.32,12
37.34,16
37.36,18
37.38,12
37.4,20
37.42,14
37.44,20
37.46,12
37.48,24
37.5,26
37.52,12
37.54,16
37.56,18
37.58,10
37.6,14
37.62,12
37.64,24
37.66,18
37.68,18
37.7,12
37.72,12
37.74,18
37.76,12
37.78,10
37.8,20
37.82,16
37.84,12
37.86,18
37.88,12
37.9,12
37.92,14
37.94,8
37.96,16
37.98,16
38,10
38.02,18
38.04,14
38.06,20
38.08,16
38.1,18
38.12,16
38.14,20
38.16,14
38.18,14
38.2,18
38.22,16
38.24,26
38.26,14
38.28,16
38.3,14
38.32,16
38.34,12
38.36,14
38.38,16
38.4,16
38.42,22
38.44,16
38.46,20
38.48,16
38.5,12
38.52,20
38.54,24
38.56,22
38.58,22
38.6,16
38.62,16
38.64,18
38.66,24
38.68,20
38.7,16
38.72,32
38.74,18
38.76,18
38.78,22
38.8,18
38.82,22
38.84,22
38.86,22
38.88,32
38.9,34
38.92,28
38.94,20
38.96,28
38.98,32
39,22
39.02,22
39.04,24
39.06,18
39.08,28
39.1,34
39.12,34
39.14,36
39.16,36
39.18,22
39.2,38
39.22,32
39.24,34
39.26,32
39.28,26
39.3,32
39.32,38
39.34,32
39.36,32
39.38,34
39.4,26
39.42,34
39.44,28
39.46,38
39.48,32
39.5,36
39.52,40
39.54,34
39.56,34
39.58,38
39.6,32
39.62,34
39.64,34
39.66,36
39.68,34
39.7,36
39.72,28
39.74,44
39.76,42
39.78,40
39.8,34
39.82,34
39.84,50
39.86,40
39.88,32
39.9,42
39.92,30
39.94,40
39.96,40
39.98,42
40,32
40.02,32
40.04,42
40.06,28
40.08,46
40.1,34
40.12,32
40.14,34
40.16,42
40.18,36
40.2,28
40.22,28
40.24,42
40.26,32
40.28,40
40.3,38
40.32,32
40.34,30
40.36,40
40.38,30
40.4,30
40.42,22
40.44,30
40.46,40
40.48,24
40.5,32
40.52,38
40.54,26
40.56,40
40.58,38
40.6,36
40.62,28
40.64,24
40.66,30
40.68,24
40.7,32
40.72,26
40.74,16
40.76,26
40.78,26
40.8,22
40.82,24
40.84,22
40.86,26
40.88,24
40.9,30
40.92,30
40.94,22
40.96,24
40.98,30
41,20
41.02,24
41.04,24
41.06,22
41.08,26
41.1,14
41.12,14
41.14,26
41.16,18
41.18,30
41.2,24
41.22,20
41.24,24
41.26,24
41.28,18
41.3,32
41.32,18
41.34,18
41.36,24
41.38,20
41.4,22
41.42,26
41.44,16
41.46,20
41.48,20
41.5,26
41.52,18
41.54,28
41.56,20
41.58,16
41.6,30
41.62,32
41.64,16
41.66,22
41.68,18
41.7,16
41.72,32
41.74,20
41.76,16
41.78,14
41.8,22
41.82,26
41.84,26
41.86,18
41.88,30
41.9,28
41.92,22
41.94,18
41.96,22
41.98,22
42,24
42.02,24
42.04,12
42.06,16
42.08,24
42.1,20
42.12,22
42.14,16
42.16,22
42.18,30
42.2,18
42.22,22
42.24,26
42.26,16
42.28,22
42.3,28
42.32,22
42.34,24
42.36,28
42.38,26
42.4,12
42.42,22
42.44,28
42.46,16
42.48,16
42.5,24
42.52,16
42.54,16
42.56,18
42.58,16
42.6,20
42.62,14
42.64,14
42.66,20
42.68,22
42.7,22
42.72,18
42.74,20
42.76,24
42.78,20
42.8,16
42.82,10
42.84,20
42.86,18
42.88,16
42.9,18
42.92,12
42.94,18
42.96,32
42.98,16
43,22
43.02,22
43.04,22
43.06,12
43.08,20
43.1,30
43.12,16
43.14,22
43.16,14
43.18,16
43.2,20
43.22,12
43.24,18
43.26,26
43.28,26
43.3,32
43.32,22
43.34,26
43.36,20
43.38,18
43.4,24
43.42,22
43.44,18
43.46,16
43.48,26
43.5,24
43.52,20
43.54,22
43.56,26
43.58,18
43.6,22
43.62,14
43.64,22
43.66,24
43.68,28
43.7,28
43.72,26
43.74,20
43.76,30
43.78,30
43.8,24
43.82,20
43.84,20
43.86,24
43.88,24
43.9,32
43.92,18
43.94,28
43.96,28
43.98,30
44,34
44.02,28
44.04,16
44.06,32
44.08,20
44.1,26
44.12,24
44.14,22
44.16,22
44.18,18
44.2,24
44.22,22
44.24,24
44.26,18
44.28,28
44.3,22
44.32,14
44.34,16
44.36,12
44.38,16
44.4,16
44.42,18
44.44,24
44.46,20
44.48,18
44.5,22
44.52,24
44.54,16
44.56,26
44.58,24
44.6,22
44.62,14
44.64,18
44.66,20
44.68,20
44.7,24
44.72,22
44.74,22
44.76,22
44.78,18
44.8,20
44.82,22
44.84,16
44.86,22
44.88,20
44.9,24
44.92,24
44.94,14
44.96,24
44.98,16
45,22
45.02,16
45.04,24
45.06,24
45.08,34
45.1,14
45.12,24
45.14,30
45.16,26
45.18,18
45.2,24
45.22,28
45.24,22
45.26,24
45.28,18
45.3,26
45.32,16
45.34,30
45.36,22
45.38,26
45.4,22
45.42,20
45.44,34
45.46,26
45.48,26
45.5,28
45.52,28
45.54,26
45.56,30
45.58,22
45.6,20
45.62,24
45.64,26
45.66,36
45.68,32
45.7,32
45.72,28
45.74,16
45.76,16
45.78,22
45.8,22
45.82,32
45.84,28
45.86,34
45.88,32
45.9,30
45.92,24
45.94,28
45.96,24
45.98,24
46,30
46.02,34
46.04,30
46.06,42
46.08,30
46.1,20
46.12,38
46.14,38
46.16,40
46.18,40
46.2,38
46.22,30
46.24,38
46.26,30
46.28,32
46.3,28
46.32,22
46.34,32
46.36,34
46.38,36
46.4,38
46.42,38
46.44,40
46.46,38
46.48,34
46.5,38
46.52,40
46.54,42
46.56,48
46.58,36
46.6,42
46.62,42
46.64,42
46.66,48
46.68,50
46.7,48
46.72,42
46.74,54
46.76,54
46.78,58
46.8,42
46.82,44
46.84,50
46.86,50
46.88,42
46.9,40
46.92,58
46.94,48
46.96,46
46.98,50
47,52
47.02,38
47.04,46
47.06,64
47.08,46
47.1,50
47.12,42
47.14,46
47.16,28
47.18,40
47.2,44
47.22,38
47.24,54
47.26,44
47.28,40
47.3,42
47.32,38
47.34,46
47.36,32
47.38,38
47.4,32
47.42,30
47.44,46
47.46,50
47.48,36
47.5,44
47.52,30
47.54,40
47.56,30
47.58,36
47.6,50
47.62,36
47.64,32
47.66,46
47.68,28
47.7,42
47.72,32
47.74,42
47.76,26
47.78,42
47.8,48
47.82,34
47.84,40
47.86,34
47.88,40
47.9,32
47.92,40
47.94,38
47.96,34
47.98,40
48,30
48.02,38
48.04,32
48.06,36
48.08,46
48.1,44
48.12,32
48.14,38
48.16,36
48.18,34
48.2,40
48.22,36
48.24,32
48.26,42
48.28,36
48.3,24
48.32,34
48.34,32
48.36,36
48.38,48
48.4,32
48.42,44
48.44,44
48.46,34
48.48,30
48.5,38
48.52,28
48.54,34
48.56,40
48.58,48
48.6,40
48.62,32
48.64,36
48.66,28
48.68,42
48.7,48
48.72,40
48.74,50
48.76,42
48.78,58
48.8,38
48.82,34
48.84,46
48.86,46
48.88,36
48.9,28
48.92,50
48.94,38
48.96,32
48.98,44
49,58
49.02,40
49.04,44
49.06,42
49.08,54
49.1,48
49.12,48
49.14,34
49.16,48
49.18,52
49.2,52
49.22,58
49.24,42
49.26,44
49.28,48
49.3,46
49.32,58
49.34,66
49.36,50
49.38,54
49.4,56
49.42,54
49.44,44
49.46,46
49.48,58
49.5,58
49.52,60
49.54,66
49.56,62
49.58,58
49.6,46
49.62,56
49.64,62
49.66,46
49.68,60
49.7,52
49.72,44
49.74,50
49.76,64
49.78,60
49.8,46
49.82,56
49.84,50
49.86,64
49.88,64
49.9,56
49.92,50
49.94,52
49.96,46
49.98,46
50,44
50.02,48
50.04,48
50.06,50
50.08,52
50.1,44
50.12,26
50.14,44
50.16,48
50.18,38
50.2,38
50.22,42
50.24,32
50.26,28
50.28,32
50.3,52
50.32,40
50.34,46
50.36,48
50.38,52
50.4,32
50.42,30
50.44,46
50.46,42
50.48,38
50.5,40
50.52,44
50.54,42
50.56,38
50.58,36
50.6,44
50.62,40
50.64,28
50.66,44
50.68,52
50.7,42
50.72,34
50.74,48
50.76,40
50.78,44
50.8,52
50.82,36
50.84,54
50.86,36
50.88,54
50.9,36
50.92,40
50.94,48
50.96,44
50.98,48
51,38
51.02,40
51.04,38
51.06,40
51.08,40
51.1,44
51.12,46
51.14,52
51.16,36
51.18,36
51.2,42
51.22,38
51.24,38
51.26,28
51.28,34
51.3,38
51.32,32
51.34,40
51.36,38
51.38,38
51.4,26
51.42,38
51.44,38
51.46,48
51.48,42
51.5,46
51.52,34
51.54,38
51.56,48
51.58,40
51.6,42
51.62,32
51.64,32
51.66,36
51.68,34
51.7,38
51.72,38
51.74,46
51.76,34
51.78,32
51.8,34
51.82,46
51.84,34
51.86,40
51.88,32
51.9,34
51.92,36
51.94,38
51.96,28
51.98,34
52,36
52.02,28
52.04,30
52.06,44
52.08,30
52.1,40
52.12,38
52.14,36
52.16,28
52.18,34
52.2,42
52.22,38
52.24,36
52.26,26
52.28,28
52.3,38
52.32,34
52.34,32
52.36,40
52.38,22
52.4,26
52.42,28
52.44,22
52.46,40
52.48,26
52.5,26
52.52,22
52.54,32
52.56,26
52.58,26
52.6,20
52.62,32
52.64,30
52.66,38
52.68,34
52.7,38
52.72,28
52.74,32
52.76,36
52.78,18
52.8,28
52.82,38
52.84,36
52.86,36
52.88,34
52.9,44
52.92,40
52.94,34
52.96,36
52.98,46
53,36
53.02,38
53.04,40
53.06,46
53.08,42
53.1,28
53.12,50
53.14,40
53.16,36
53.18,38
53.2,26
53.22,30
53.24,36
53.26,34
53.28,38
53.3,36
53.32,26
53.34,30
53.36,28
53.38,30
53.4,32
53.42,30
53.44,22
53.46,32
53.48,22
53.5,22
53.52,22
53.54,24
53.56,24
53.58,22
53.6,28
53.62,22
53.64,18
53.66,12
53.68,18
53.7,26
53.72,24
53.74,20
53.76,18
53.78,16
53.8,18
53.82,22
53.84,16
53.86,16
53.88,26
53.9,24
53.92,12
53.94,14
53.96,16
53.98,14
54,20
54.02,16
54.04,20
54.06,6
54.08,16
54.1,22
54.12,12
54.14,12
54.16,12
54.18,18
54.2,14
54.22,20
54.24,24
54.26,10
54.28,14
54.3,18
54.32,16
54.34,18
54.36,18
54.38,12
54.4,14
54.42,18
54.44,12
54.46,14
54.48,18
54.5,14
54.52,16
54.54,18
54.56,14
54.58,20
54.6,12
54.62,14
54.64,16
54.66,20
54.68,10
54.7,12
54.72,10
54.74,22
54.76,12
54.78,16
54.8,10
54.82,14
54.84,12
54.86,16
54.88,12
54.9,8
54.92,18
54.94,10
54.96,8
54.98,22
55,16
55.02,14
55.04,8
55.06,16
55.08,10
55.1,16
55.12,16
55.14,18
55.16,18
55.18,16
55.2,12
55.22,24
55.24,14
55.26,8
55.28,6
55.3,14
55.32,10
55.34,12
55.36,24
55.38,18
55.4,18
55.42,14
55.44,6
55.46,18
55.48,12
55.5,12
55.52,12
55.54,18
55.56,14
55.58,10
55.6,16
55.62,10
55.64,22
55.66,24
55.68,12
55.7,18
55.72,20
55.74,22
55.76,26
55.78,12
55.8,18
55.82,22
55.84,10
55.86,18
55.88,20
55.9,18
55.92,18
55.94,12
55.96,18
55.98,10
56,6
56.02,16
56.04,16
56.06,14
56.08,22
56.1,12
56.12,14
56.14,14
56.16,14
56.18,16
56.2,24
56.22,14
56.24,16
56.26,22
56.28,4
56.3,24
56.32,14
56.34,18
56.36,14
56.38,18
56.4,12
56.42,16
56.44,20
56.46,16
56.48,16
56.5,18
56.52,12
56.54,18
56.56,20
56.58,18
56.6,14
56.62,22
56.64,20
56.66,14
56.68,18
56.7,14
56.72,20
56.74,20
56.76,14
56.78,12
56.8,16
56.82,12
56.84,28
56.86,16
56.88,14
56.9,12
56.92,14
56.94,24
56.96,16
56.98,26
57,14
57.02,12
57.04,18
57.06,10
57.08,14
57.1,24
57.12,22
57.14,10
57.16,16
57.18,16
57.2,22
57.22,18
57.24,10
57.26,10
57.28,14
57.3,18
57.32,22
57.34,14
57.36,12
57.38,20
57.4,20
57.42,14
57.44,12
57.46,10
57.48,12
57.5,10
57.52,12
57.54,18
57.56,14
57.58,12
57.6,14
57.62,14
57.64,14
57.66,12
57.68,14
57.7,18
57.72,16
57.74,18
57.76,18
57.78,16
57.8,14
57.82,14
57.84,12
57.86,8
57.88,16
57.9,14
57.92,18
57.94,10
57.96,8
57.98,12
58,14
58.02,14
58.04,16
58.06,16
58.08,18
58.1,22
58.12,10
58.14,16
58.16,14
58.18,14
58.2,14
58.22,18
58.24,14
58.26,12
58.28,22
58.3,22
58.32,14
58.34,12
58.36,18
58.38,22
58.4,12
58.42,10
58.44,10
58.46,18
58.48,16
58.5,12
58.52,16
58.54,14
58.56,10
58.58,22
58.6,20
58.62,18
58.64,14
58.66,14
58.68,16
58.7,22
58.72,18
58.74,16
58.76,16
58.78,16
58.8,10
58.82,2
58.84,10
58.86,14
58.88,14
58.9,12
58.92,18
58.94,6
58.96,8
58.98,18
59,20
59.02,12
59.04,20
59.06,12
59.08,10
59.1,24
59.12,16
59.14,12
59.16,14
59.18,16
59.2,24
59.22,14
59.24,18
59.26,14
59.28,10
59.3,14
59.32,14
59.34,18
59.36,20
59.38,16
59.4,16
59.42,10
59.44,10
59.46,8
59.48,14
59.5,12
59.52,18
59.54,6
59.56,14
59.58,8
59.6,20
59.62,18
59.64,16
59.66,16
59.68,18
59.7,16
59.72,16
59.74,16
59.76,14
59.78,26
59.8,20
59.82,14
59.84,10
59.86,8
59.88,18
59.9,24
59.92,10
59.94,20
59.96,20
59.98,12
60,16
60.02,12
60.04,28
60.06,18
60.08,20
60.1,16
60.12,16
60.14,16
60.16,14
60.18,12
60.2,22
60.22,16
60.24,26
60.26,14
60.28,18
60.3,12
60.32,16
60.34,18
60.36,22
60.38,16
60.4,14
60.42,18
60.44,24
60.46,20
60.48,20
60.5,30
60.52,16
60.54,20
60.56,16
60.58,28
60.6,16
60.62,16
60.64,22
60.66,30
60.68,24
60.7,16
60.72,14
60.74,14
60.76,14
60.78,18
60.8,12
60.82,22
60.84,20
60.86,18
60.88,8
60.9,16
60.92,18
60.94,14
60.96,22
60.98,20
61,18
61.02,16
61.04,20
61.06,20
61.08,24
61.1,18
61.12,20
61.14,24
61.16,28
61.18,16
61.2,20
61.22,20
61.24,18
61.26,18
61.28,16
61.3,14
61.32,20
61.34,20
61.36,26
61.38,24
61.4,22
61.42,18
61.44,20
61.46,18
61.48,16
61.5,22
61.52,26
61.54,18
61.56,22
61.58,24
61.6,20
61.62,34
61.64,16
61.66,20
61.68,18
61.7,22
61.72,26
61.74,20
61.76,32
61.78,20
61.8,28
61.82,16
61.84,24
61.86,32
61.88,20
61.9,22
61.92,22
61.94,20
61.96,16
61.98,20
62,12
62.02,22
62.04,20
62.06,14
62.08,24
62.1,16
62.12,30
62.14,20
62.16,18
62.18,26
62.2,20
62.22,24
62.24,22
62.26,18
62.28,20
62.3,32
62.32,12
62.34,20
62.36,20
62.38,20
62.4,18
62.42,20
62.44,20
62.46,16
62.48,22
62.5,14
62.52,20
62.54,18
62.56,26
62.58,20
62.6,20
62.62,14
62.64,20
62.66,18
62.68,18
62.7,26
62.72,14
62.74,14
62.76,20
62.78,22
62.8,18
62.82,16
62.84,18
62.86,20
62.88,24
62.9,22
62.92,26
62.94,18
62.96,30
62.98,16
63,26
63.02,22
63.04,28
63.06,16
63.08,24
63.1,20
63.12,24
63.14,26
63.16,12
63.18,16
63.2,28
63.22,20
63.24,22
63.26,34
63.28,26
63.3,22
63.32,20
63.34,32
63.36,22
63.38,20
63.4,20
63.42,24
63.44,16
63.46,24
63.48,24
63.5,24
63.52,22
63.54,26
63.56,28
63.58,30
63.6,22
63.62,24
63.64,28
63.66,18
63.68,42
63.7,32
63.72,26
63.74,28
63.76,24
63.78,28
63.8,20
63.82,28
63.84,30
63.86,20
63.88,28
63.9,28
63.92,30
63.94,28
63.96,26
63.98,28
64,30
64.02,34
64.04,22
64.06,26
64.08,42
64.1,22
64.12,26
64.14,26
64.16,38
64.18,36
64.2,24
64.22,30
64.24,32
64.26,18
64.28,20
64.3,34
64.32,34
64.34,26
64.36,22
64.38,34
64.4,30
64.42,26
64.44,36
64.46,22
64.48,30
64.5,24
64.52,34
64.54,18
64.56,24
64.58,20
64.6,18
64.62,36
64.64,24
64.66,28
64.68,22
64.7,20
64.72,24
64.74,22
64.76,28
64.78,28
64.8,24
64.82,24
64.84,22
64.86,16
64.88,18
64.9,22
64.92,28
64.94,20
64.96,18
64.98,18
65,16
65.02,16
65.04,14
65.06,16
65.08,34
65.1,20
65.12,18
65.14,28
65.16,26
65.18,32
65.2,16
65.22,22
65.24,28
65.26,12
65.28,24
65.3,22
65.32,22
65.34,20
65.36,24
65.38,26
65.4,22
65.42,20
65.44,20
65.46,28
65.48,24
65.5,20
65.52,16
65.54,24
65.56,18
65.58,16
65.6,16
65.62,18
65.64,14
65.66,18
65.68,18
65.7,20
65.72,20
65.74,18
65.76,22
65.78,10
65.8,16
65.82,20
65.84,14
65.86,16
65.88,22
65.9,14
65.92,20
65.94,10
65.96,22
65.98,20
66,14
66.02,14
66.04,16
66.06,20
66.08,16
66.1,22
66.12,16
66.14,16
66.16,18
66.18,12
66.2,12
66.22,12
66.24,10
66.26,22
66.28,18
66.3,14
66.32,12
66.34,10
66.36,12
66.38,12
66.4,18
66.42,16
66.44,20
66.46,20
66.48,16
66.5,18
66.52,16
66.54,14
66.56,14
66.58,12
66.6,16
66.62,16
66.64,10
66.66,10
66.68,16
66.7,10
66.72,12
66.74,10
66.76,20
66.78,20
66.8,14
66.82,18
66.84,8
66.86,12
66.88,6
66.9,12
66.92,12
66.94,8
66.96,18
66.98,6
67,10
67.02,12
67.04,6
67.06,20
67.08,10
67.1,10
67.12,16
67.14,10
67.16,16
67.18,8
67.2,14
67.22,10
67.24,10
67.26,8
67.28,10
67.3,16
67.32,6
67.34,14
67.36,8
67.38,12
67.4,6
67.42,6
67.44,12
67.46,12
67.48,6
67.5,8
67.52,14
67.54,14
67.56,10
67.58,6
67.6,10
67.62,12
67.64,14
67.66,8
67.68,12
67.7,14
67.72,12
67.74,12
67.76,16
67.78,10
67.8,12
67.82,8
67.84,12
67.86,12
67.88,6
67.9,12
67.92,4
67.94,12
67.96,12
67.98,8
68,16
68.02,10
68.04,12
68.06,6
68.08,8
68.1,14
68.12,10
68.14,4
68.16,12
68.18,6
68.2,16
68.22,12
68.24,14
68.26,10
68.28,14
68.3,10
68.32,8
68.34,12
68.36,10
68.38,8
68.4,12
68.42,10
68.44,8
68.46,10
68.48,10
68.5,8
68.52,8
68.54,14
68.56,6
68.58,6
68.6,16
68.62,10
68.64,10
68.66,16
68.68,12
68.7,4
68.72,10
68.74,14
68.76,10
68.78,14
68.8,8
68.82,12
68.84,18
68.86,12
68.88,14
68.9,10
68.92,8
68.94,12
68.96,14
68.98,12
69,10
69.02,10
69.04,18
69.06,12
69.08,4
69.1,8
69.12,10
69.14,10
69.16,18
69.18,20
69.2,10
69.22,18
69.24,10
69.26,16
69.28,6
69.3,10
69.32,12
69.34,8
69.36,10
69.38,10
69.4,8
69.42,10
69.44,10
69.46,12
69.48,14
69.5,16
69.52,8
69.54,10
69.56,12
69.58,10
69.6,10
69.62,2
69.64,10
69.66,12
69.68,12
69.7,18
69.72,10
69.74,20
69.76,10
69.78,16
69.8,14
69.82,10
69.84,14
69.86,8
69.88,18
69.9,8
69.92,8
69.94,14
69.96,12
69.98,16
70,12
70.02,8
70.04,8
70.06,18
70.08,10
70.1,10
70.12,12
70.14,20
70.16,18
70.18,8
70.2,16
70.22,16
70.24,8
70.26,16
70.28,8
70.3,12
70.32,16
70.34,12
70.36,10
70.38,12
70.4,12
70.42,14
70.44,16
70.46,14
70.48,8
70.5,14
70.52,12
70.54,14
70.56,12
70.58,12
70.6,10
70.62,10
70.64,8
70.66,10
70.68,10
70.7,4
70.72,10
70.74,8
70.76,14
70.78,12
70.8,12
70.82,8
70.84,8
70.86,16
70.88,10
70.9,20
70.92,18
70.94,10
70.96,6
70.98,10
71,12
71.02,12
71.04,12
71.06,10
71.08,10
71.1,12
71.12,22
71.14,16
71.16,16
71.18,12
71.2,18
71.22,16
71.24,6
71.26,18
71.28,12
71.3,10
71.32,12
71.34,20
71.36,10
71.38,14
71.4,8
71.42,16
71.44,20
71.46,12
71.48,16
71.5,20
71.52,10
71.54,14
71.56,12
71.58,18
71.6,12
71.62,18
71.64,10
71.66,12
71.68,12
71.7,24
71.72,12
71.74,16
71.76,16
71.78,20
71.8,18
71.82,8
71.84,10
71.86,18
71.88,10
71.9,16
71.92,12
71.94,14
71.96,12
71.98,10
72,16
72.02,20
72.04,22
72.06,14
72.08,8
72.1,14
72.12,14
72.14,24
72.16,18
72.18,18
72.2,14
72.22,18
72.24,16
72.26,14
72.28,14
72.3,22
72.32,20
72.34,12
72.36,10
72.38,16
72.4,22
72.42,22
72.44,14
72.46,18
72.48,12
72.5,18
72.52,10
72.54,12
72.56,12
72.58,18
72.6,12
72.62,16
72.64,14
72.66,20
72.68,16
72.7,14
72.72,14
72.74,20
72.76,6
72.78,20
72.8,14
72.82,12
72.84,18
72.86,20
72.88,14
72.9,10
72.92,16
72.94,16
72.96,12
72.98,14
73,14
73.02,14
73.04,16
73.06,12
73.08,12
73.1,10
73.12,10
73.14,10
73.16,12
73.18,18
73.2,14
73.22,20
73.24,16
73.26,14
73.28,16
73.3,18
73.32,14
73.34,16
73.36,18
73.38,12
73.4,20
73.42,16
73.44,26
73.46,16
73.48,16
73.5,22
73.52,14
73.54,16
73.56,12
73.58,26
73.6,8
73.62,12
73.64,14
73.66,14
73.68,14
73.7,18
73.72,14
73.74,24
73.76,16
73.78,18
73.8,16
73.82,10
73.84,18
73.86,18
73.88,16
73.9,18
73.92,18
73.94,10
73.96,12
73.98,6
74,18
74.02,22
74.04,14
74.06,18
74.08,10
74.1,16
74.12,12
74.14,12
74.16,18
74.18,16
74.2,12
74.22,14
74.24,20
74.26,22
74.28,22
74.3,14
74.32,20
74.34,18
74.36,24
74.38,16
74.4,24
74.42,22
74.44,14
74.46,16
74.48,14
74.5,12
74.52,18
74.54,18
74.56,22
74.58,12
74.6,18
74.62,12
74.64,16
74.66,22
74.68,12
74.7,18
74.72,14
74.74,16
74.76,14
74.78,18
74.8,18
74.82,28
74.84,20
74.86,16
74.88,18
74.9,16
74.92,18
74.94,22
74.96,18
74.98,20
75,14
75.02,14
75.04,20
75.06,20
75.08,24
75.1,20
75.12,22
75.14,20
75.16,14
75.18,18
75.2,20
75.22,24
75.24,16
75.26,16
75.28,22
75.3,16
75.32,22
75.34,26
75.36,12
75.38,16
75.4,26
75.42,22
75.44,18
75.46,18
75.48,28
75.5,20
75.52,20
75.54,16
75.56,14
75.58,18
75.6,24
75.62,20
75.64,18
75.66,22
75.68,14
75.7,20
75.72,16
75.74,16
75.76,12
75.78,16
75.8,24
75.82,22
75.84,24
75.86,16
75.88,18
75.9,16
75.92,24
75.94,24
75.96,16
75.98,16
76,12
76.02,22
76.04,26
76.06,16
76.08,20
76.1,32
76.12,20
76.14,26
76.16,18
76.18,20
76.2,20
76.22,16
76.24,24
76.26,18
76.28,22
76.3,26
76.32,22
76.34,14
76.36,18
76.38,16
76.4,18
76.42,22
76.44,16
76.46,16
76.48,18
76.5,14
76.52,24
76.54,24
76.56,20
76.58,16
76.6,20
76.62,22
76.64,12
76.66,26
76.68,20
76.7,22
76.72,18
76.74,16
76.76,20
76.78,20
76.8,12
76.82,18
76.84,20
76.86,16
76.88,16
76.9,12
76.92,18
76.94,14
76.96,18
76.98,10
77,18
77.02,16
77.04,16
77.06,22
77.08,14
77.1,18
77.12,20
77.14,26
77.16,16
77.18,14
77.2,28
77.22,28
77.24,18
77.26,22
77.28,20
77.3,28
77.32,22
77.34,14
77.36,16
77.38,22
77.4,18
77.42,14
77.44,14
77.46,18
77.48,20
77.5,16
77.52,24
77.54,14
77.56,26
77.58,22
77.6,14
77.62,16
77.64,22
77.66,14
77.68,20
77.7,18
77.72,12
77.74,14
77.76,16
77.78,14
77.8,12
77.82,14
77.84,16
77.86,24
77.88,16
77.9,20
77.92,18
77.94,16
77.96,14
77.98,18
78,16
78.02,16
78.04,24
78.06,22
78.08,18
78.1,16
78.12,20
78.14,20
78.16,16
78.18,18
78.2,10
78.22,26
78.24,18
78.26,18
78.28,10
78.3,16
78.32,20
78.34,20
78.36,12
78.38,14
78.4,14
78.42,12
78.44,20
78.46,10
78.48,20
78.5,18
78.52,16
78.54,22
78.56,24
78.58,14
78.6,14
78.62,14
78.64,12
78.66,10
78.68,16
78.7,14
78.72,16
78.74,12
78.76,14
78.78,6
78.8,14
78.82,12
78.84,10
78.86,16
78.88,20
78.9,12
78.92,12
78.94,12
78.96,14
78.98,14
79,14
79.02,4
79.04,20
79.06,18
79.08,16
79.1,14
79.12,12
79.14,10
79.16,12
79.18,10
79.2,16
79.22,14
79.24,16
79.26,8
79.28,14
79.3,14
79.32,10
79.34,14
79.36,16
79.38,6
79.4,8
79.42,16
79.44,12
79.46,6
79.48,12
79.5,14
79.52,10
79.54,8
79.56,6
79.58,14
79.6,6
79.62,8
79.64,12
79.66,12
79.68,12
79.7,2
79.72,10
79.74,6
79.76,12
79.78,14
79.8,10
79.82,12
79.84,10
79.86,12
79.88,14
79.9,12
79.92,12
79.94,10
79.96,12
79.98,12
80,8
